komoditas,tanggal,harga
Cabai Rawit Merah,2022-01-03,100000
Cabai Rawit Merah,2022-01-04,100000
Cabai Rawit Merah,2022-01-05,100000
Cabai Rawit Merah,2022-01-06,100000
Cabai Rawit Merah,2022-01-07,90000
Cabai Rawit Merah,2022-01-10,72500
Cabai Rawit Merah,2022-01-11,67500
Cabai Rawit Merah,2022-01-12,67500
Cabai Rawit Merah,2022-01-13,67500
Cabai Rawit Merah,2022-01-14,67500
Cabai Rawit Merah,2022-01-17,67500
Cabai Rawit Merah,2022-01-18,67500
Cabai Rawit Merah,2022-01-19,60000
Cabai Rawit Merah,2022-01-20,60000
Cabai Rawit Merah,2022-01-21,60000
Cabai Rawit Merah,2022-01-24,52500
Cabai Rawit Merah,2022-01-25,50000
Cabai Rawit Merah,2022-01-26,50000
Cabai Rawit Merah,2022-01-27,47500
Cabai Rawit Merah,2022-01-28,47500
Cabai Rawit Merah,2022-01-31,47500
Cabai Rawit Merah,2022-02-02,47500
Cabai Rawit Merah,2022-02-03,47500
Cabai Rawit Merah,2022-02-04,47500
Cabai Rawit Merah,2022-02-07,47500
Cabai Rawit Merah,2022-02-08,47500
Cabai Rawit Merah,2022-02-09,47500
Cabai Rawit Merah,2022-02-10,47500
Cabai Rawit Merah,2022-02-11,47500
Cabai Rawit Merah,2022-02-14,45000
Cabai Rawit Merah,2022-02-15,45000
Cabai Rawit Merah,2022-02-16,45000
Cabai Rawit Merah,2022-02-17,48750
Cabai Rawit Merah,2022-02-18,48750
Cabai Rawit Merah,2022-02-21,50000
Cabai Rawit Merah,2022-02-22,50000
Cabai Rawit Merah,2022-02-23,50000
Cabai Rawit Merah,2022-02-24,50000
Cabai Rawit Merah,2022-02-25,50000
Cabai Rawit Merah,2022-03-01,70000
Cabai Rawit Merah,2022-03-02,70000
Cabai Rawit Merah,2022-03-04,77500
Cabai Rawit Merah,2022-03-07,80000
Cabai Rawit Merah,2022-03-08,80000
Cabai Rawit Merah,2022-03-09,80000
Cabai Rawit Merah,2022-03-10,75000
Cabai Rawit Merah,2022-03-11,75000
Cabai Rawit Merah,2022-03-14,75000
Cabai Rawit Merah,2022-03-15,73750
Cabai Rawit Merah,2022-03-16,73750
Cabai Rawit Merah,2022-03-17,73750
Cabai Rawit Merah,2022-03-18,73750
Cabai Rawit Merah,2022-03-21,76250
Cabai Rawit Merah,2022-03-22,76250
Cabai Rawit Merah,2022-03-23,75000
Cabai Rawit Merah,2022-03-24,75000
Cabai Rawit Merah,2022-03-25,75000
Cabai Rawit Merah,2022-03-28,68750
Cabai Rawit Merah,2022-03-29,68750
Cabai Rawit Merah,2022-03-30,71250
Cabai Rawit Merah,2022-03-31,71250
Cabai Rawit Merah,2022-04-01,70000
Cabai Rawit Merah,2022-04-04,70000
Cabai Rawit Merah,2022-04-05,70000
Cabai Rawit Merah,2022-04-06,70000
Cabai Rawit Merah,2022-04-07,70000
Cabai Rawit Merah,2022-04-08,65000
Cabai Rawit Merah,2022-04-11,65000
Cabai Rawit Merah,2022-04-12,65000
Cabai Rawit Merah,2022-04-13,61250
Cabai Rawit Merah,2022-04-14,56250
Cabai Rawit Merah,2022-04-18,53750
Cabai Rawit Merah,2022-04-19,53750
Cabai Rawit Merah,2022-04-20,46250
Cabai Rawit Merah,2022-04-21,46250
Cabai Rawit Merah,2022-04-22,46250
Cabai Rawit Merah,2022-04-25,46250
Cabai Rawit Merah,2022-04-26,46250
Cabai Rawit Merah,2022-04-27,46250
Cabai Rawit Merah,2022-04-28,47500
Cabai Rawit Merah,2022-05-09,47500
Cabai Rawit Merah,2022-05-10,47500
Cabai Rawit Merah,2022-05-11,47500
Cabai Rawit Merah,2022-05-12,47500
Cabai Rawit Merah,2022-05-13,47500
Cabai Rawit Merah,2022-05-17,47500
Cabai Rawit Merah,2022-05-18,47500
Cabai Rawit Merah,2022-05-19,47500
Cabai Rawit Merah,2022-05-20,47500
Cabai Rawit Merah,2022-05-23,52500
Cabai Rawit Merah,2022-05-24,52500
Cabai Rawit Merah,2022-05-25,57500
Cabai Rawit Merah,2022-05-27,60000
Cabai Rawit Merah,2022-05-30,62500
Cabai Rawit Merah,2022-05-31,62500
Cabai Rawit Merah,2022-06-02,65000
Cabai Rawit Merah,2022-06-03,65000
Cabai Rawit Merah,2022-06-06,77500
Cabai Rawit Merah,2022-06-07,92500
Cabai Rawit Merah,2022-06-08,95000
Cabai Rawit Merah,2022-06-09,95000
Cabai Rawit Merah,2022-06-10,97500
Cabai Rawit Merah,2022-06-13,97500
Cabai Rawit Merah,2022-06-14,97500
Cabai Rawit Merah,2022-06-15,97500
Cabai Rawit Merah,2022-06-16,97500
Cabai Rawit Merah,2022-06-17,100000
Cabai Rawit Merah,2022-06-20,97500
Cabai Rawit Merah,2022-06-21,97500
Cabai Rawit Merah,2022-06-22,97500
Cabai Rawit Merah,2022-06-23,97500
Cabai Rawit Merah,2022-06-24,97500
Cabai Rawit Merah,2022-06-27,97500
Cabai Rawit Merah,2022-06-28,95000
Cabai Rawit Merah,2022-06-29,95000
Cabai Rawit Merah,2022-06-30,87500
Cabai Rawit Merah,2022-07-01,87500
Cabai Rawit Merah,2022-07-04,90000
Cabai Rawit Merah,2022-07-05,92500
Cabai Rawit Merah,2022-07-06,100000
Cabai Rawit Merah,2022-07-07,100000
Cabai Rawit Merah,2022-07-08,100000
Cabai Rawit Merah,2022-07-11,100000
Cabai Rawit Merah,2022-07-12,102500
Cabai Rawit Merah,2022-07-13,107500
Cabai Rawit Merah,2022-07-14,107500
Cabai Rawit Merah,2022-07-15,102500
Cabai Rawit Merah,2022-07-18,91250
Cabai Rawit Merah,2022-07-19,86250
Cabai Rawit Merah,2022-07-20,86250
Cabai Rawit Merah,2022-07-21,80000
Cabai Rawit Merah,2022-07-22,80000
Cabai Rawit Merah,2022-07-25,80000
Cabai Rawit Merah,2022-07-26,80000
Cabai Rawit Merah,2022-07-27,80000
Cabai Rawit Merah,2022-07-28,75000
Cabai Rawit Merah,2022-07-29,75000
Cabai Rawit Merah,2022-08-01,72500
Cabai Rawit Merah,2022-08-02,72500
Cabai Rawit Merah,2022-08-03,72500
Cabai Rawit Merah,2022-08-04,72500
Cabai Rawit Merah,2022-08-05,72500
Cabai Rawit Merah,2022-08-08,70000
Cabai Rawit Merah,2022-08-09,70000
Cabai Rawit Merah,2022-08-10,70000
Cabai Rawit Merah,2022-08-11,70000
Cabai Rawit Merah,2022-08-12,70000
Cabai Rawit Merah,2022-08-15,70000
Cabai Rawit Merah,2022-08-16,70000
Cabai Rawit Merah,2022-08-18,70000
Cabai Rawit Merah,2022-08-19,67500
Cabai Rawit Merah,2022-08-22,62500
Cabai Rawit Merah,2022-08-23,60000
Cabai Rawit Merah,2022-08-24,60000
Cabai Rawit Merah,2022-08-25,60000
Cabai Rawit Merah,2022-08-26,60000
Cabai Rawit Merah,2022-08-29,60000
Cabai Rawit Merah,2022-08-30,60000
Cabai Rawit Merah,2022-08-31,60000
Cabai Rawit Merah,2022-09-01,57500
Cabai Rawit Merah,2022-09-02,57500
Cabai Rawit Merah,2022-09-05,58750
Cabai Rawit Merah,2022-09-06,58750
Cabai Rawit Merah,2022-09-07,58750
Cabai Rawit Merah,2022-09-08,63750
Cabai Rawit Merah,2022-09-09,63750
Cabai Rawit Merah,2022-09-12,63750
Cabai Rawit Merah,2022-09-13,63750
Cabai Rawit Merah,2022-09-14,63750
Cabai Rawit Merah,2022-09-15,63750
Cabai Rawit Merah,2022-09-16,66250
Cabai Rawit Merah,2022-09-19,68750
Cabai Rawit Merah,2022-09-20,68750
Cabai Rawit Merah,2022-09-21,68750
Cabai Rawit Merah,2022-09-22,68750
Cabai Rawit Merah,2022-09-23,68750
Cabai Rawit Merah,2022-09-26,68750
Cabai Rawit Merah,2022-09-27,68750
Cabai Rawit Merah,2022-09-28,68750
Cabai Rawit Merah,2022-09-29,68750
Cabai Rawit Merah,2022-09-30,68750
Cabai Rawit Merah,2022-10-03,65000
Cabai Rawit Merah,2022-10-04,63750
Cabai Rawit Merah,2022-10-05,63750
Cabai Rawit Merah,2022-10-06,63750
Cabai Rawit Merah,2022-10-07,63750
Cabai Rawit Merah,2022-10-10,63750
Cabai Rawit Merah,2022-10-11,63750
Cabai Rawit Merah,2022-10-12,65000
Cabai Rawit Merah,2022-10-13,65000
Cabai Rawit Merah,2022-10-14,65000
Cabai Rawit Merah,2022-10-17,65000
Cabai Rawit Merah,2022-10-18,65000
Cabai Rawit Merah,2022-10-19,65000
Cabai Rawit Merah,2022-10-20,60000
Cabai Rawit Merah,2022-10-21,60000
Cabai Rawit Merah,2022-10-24,57500
Cabai Rawit Merah,2022-10-25,52500
Cabai Rawit Merah,2022-10-26,52500
Cabai Rawit Merah,2022-10-27,52500
Cabai Rawit Merah,2022-10-28,52500
Cabai Rawit Merah,2022-10-31,52500
Cabai Rawit Merah,2022-11-01,47500
Cabai Rawit Merah,2022-11-02,47500
Cabai Rawit Merah,2022-11-03,47500
Cabai Rawit Merah,2022-11-04,47500
Cabai Rawit Merah,2022-11-07,47500
Cabai Rawit Merah,2022-11-08,45000
Cabai Rawit Merah,2022-11-09,45000
Cabai Rawit Merah,2022-11-10,45000
Cabai Rawit Merah,2022-11-11,42500
Cabai Rawit Merah,2022-11-14,42500
Cabai Rawit Merah,2022-11-15,42500
Cabai Rawit Merah,2022-11-16,41250
Cabai Rawit Merah,2022-11-17,41250
Cabai Rawit Merah,2022-11-18,41250
Cabai Rawit Merah,2022-11-21,43750
Cabai Rawit Merah,2022-11-22,42500
Cabai Rawit Merah,2022-11-23,42500
Cabai Rawit Merah,2022-11-24,42500
Cabai Rawit Merah,2022-11-25,42500
Cabai Rawit Merah,2022-11-28,42500
Cabai Rawit Merah,2022-11-29,42500
Cabai Rawit Merah,2022-11-30,42500
Cabai Rawit Merah,2022-12-01,42500
Cabai Rawit Merah,2022-12-02,40000
Cabai Rawit Merah,2022-12-05,42500
Cabai Rawit Merah,2022-12-06,42500
Cabai Rawit Merah,2022-12-07,42500
Cabai Rawit Merah,2022-12-08,42500
Cabai Rawit Merah,2022-12-09,42500
Cabai Rawit Merah,2022-12-12,50000
Cabai Rawit Merah,2022-12-13,50000
Cabai Rawit Merah,2022-12-14,55000
Cabai Rawit Merah,2022-12-15,55000
Cabai Rawit Merah,2022-12-16,55000
Cabai Rawit Merah,2022-12-19,57500
Cabai Rawit Merah,2022-12-20,62500
Cabai Rawit Merah,2022-12-21,62500
Cabai Rawit Merah,2022-12-22,62500
Cabai Rawit Merah,2022-12-23,62500
Cabai Rawit Merah,2022-12-26,62500
Cabai Rawit Merah,2022-12-27,62500
Cabai Rawit Merah,2022-12-28,62500
Cabai Rawit Merah,2022-12-29,62500
Cabai Rawit Merah,2022-12-30,62500
Cabai Rawit Merah,2023-01-02,72500
Cabai Rawit Merah,2023-01-03,75000
Cabai Rawit Merah,2023-01-04,77500
Cabai Rawit Merah,2023-01-05,77500
Cabai Rawit Merah,2023-01-06,75000
Cabai Rawit Merah,2023-01-09,77500
Cabai Rawit Merah,2023-01-10,80000
Cabai Rawit Merah,2023-01-11,77500
Cabai Rawit Merah,2023-01-12,75000
Cabai Rawit Merah,2023-01-13,75000
Cabai Rawit Merah,2023-01-16,75000
Cabai Rawit Merah,2023-01-17,75000
Cabai Rawit Merah,2023-01-18,72500
Cabai Rawit Merah,2023-01-19,72500
Cabai Rawit Merah,2023-01-20,75000
Cabai Rawit Merah,2023-01-23,75000
Cabai Rawit Merah,2023-01-24,75000
Cabai Rawit Merah,2023-01-25,70000
Cabai Rawit Merah,2023-01-26,70000
Cabai Rawit Merah,2023-01-27,72500
Cabai Rawit Merah,2023-01-30,72500
Cabai Rawit Merah,2023-01-31,72500
Cabai Rawit Merah,2023-02-01,72500
Cabai Rawit Merah,2023-02-02,72500
Cabai Rawit Merah,2023-02-03,72500
Cabai Rawit Merah,2023-02-06,72500
Cabai Rawit Merah,2023-02-07,72500
Cabai Rawit Merah,2023-02-08,72500
Cabai Rawit Merah,2023-02-09,72500
Cabai Rawit Merah,2023-02-10,72500
Cabai Rawit Merah,2023-02-13,68750
Cabai Rawit Merah,2023-02-14,68750
Cabai Rawit Merah,2023-02-15,68750
Cabai Rawit Merah,2023-02-16,71250
Cabai Rawit Merah,2023-02-17,75000
Cabai Rawit Merah,2023-02-20,75000
Cabai Rawit Merah,2023-02-21,75000
Cabai Rawit Merah,2023-02-22,75000
Cabai Rawit Merah,2023-02-23,75000
Cabai Rawit Merah,2023-02-24,72500
Cabai Rawit Merah,2023-02-27,72500
Cabai Rawit Merah,2023-02-28,72500
Cabai Rawit Merah,2023-03-01,70000
Cabai Rawit Merah,2023-03-02,70000
Cabai Rawit Merah,2023-03-03,70000
Cabai Rawit Merah,2023-03-06,70000
Cabai Rawit Merah,2023-03-07,70000
Cabai Rawit Merah,2023-03-08,70000
Cabai Rawit Merah,2023-03-09,70000
Cabai Rawit Merah,2023-03-10,72500
Cabai Rawit Merah,2023-03-13,72500
Cabai Rawit Merah,2023-03-14,72500
Cabai Rawit Merah,2023-03-15,72500
Cabai Rawit Merah,2023-03-16,72500
Cabai Rawit Merah,2023-03-17,72500
Cabai Rawit Merah,2023-03-20,77500
Cabai Rawit Merah,2023-03-21,87500
Cabai Rawit Merah,2023-03-22,87500
Cabai Rawit Merah,2023-03-23,87500
Cabai Rawit Merah,2023-03-24,87500
Cabai Rawit Merah,2023-03-27,85000
Cabai Rawit Merah,2023-03-28,80000
Cabai Rawit Merah,2023-03-29,80000
Cabai Rawit Merah,2023-03-30,77500
Cabai Rawit Merah,2023-03-31,77500
Cabai Rawit Merah,2023-04-03,77500
Cabai Rawit Merah,2023-04-04,72500
Cabai Rawit Merah,2023-04-05,62500
Cabai Rawit Merah,2023-04-06,55000
Cabai Rawit Merah,2023-04-07,55000
Cabai Rawit Merah,2023-04-10,55000
Cabai Rawit Merah,2023-04-11,55000
Cabai Rawit Merah,2023-04-12,55000
Cabai Rawit Merah,2023-04-13,55000
Cabai Rawit Merah,2023-04-14,55000
Cabai Rawit Merah,2023-04-17,57500
Cabai Rawit Merah,2023-04-18,67500
Cabai Rawit Merah,2023-04-19,67500
Cabai Rawit Merah,2023-04-20,67500
Cabai Rawit Merah,2023-04-21,67500
Cabai Rawit Merah,2023-04-24,67500
Cabai Rawit Merah,2023-04-25,67500
Cabai Rawit Merah,2023-04-26,60000
Cabai Rawit Merah,2023-04-27,50000
Cabai Rawit Merah,2023-04-28,45000
Cabai Rawit Merah,2023-05-01,45000
Cabai Rawit Merah,2023-05-02,45000
Cabai Rawit Merah,2023-05-03,42500
Cabai Rawit Merah,2023-05-04,42500
Cabai Rawit Merah,2023-05-05,42500
Cabai Rawit Merah,2023-05-08,42500
Cabai Rawit Merah,2023-05-09,42500
Cabai Rawit Merah,2023-05-10,42500
Cabai Rawit Merah,2023-05-11,42500
Cabai Rawit Merah,2023-05-12,42500
Cabai Rawit Merah,2023-05-15,42500
Cabai Rawit Merah,2023-05-16,42500
Cabai Rawit Merah,2023-05-17,42500
Cabai Rawit Merah,2023-05-18,42500
Cabai Rawit Merah,2023-05-19,45000
Cabai Rawit Merah,2023-05-22,50000
Cabai Rawit Merah,2023-05-23,57500
Cabai Rawit Merah,2023-05-24,57500
Cabai Rawit Merah,2023-05-25,57500
Cabai Rawit Merah,2023-05-26,57500
Cabai Rawit Merah,2023-05-29,57500
Cabai Rawit Merah,2023-05-30,57500
Cabai Rawit Merah,2023-05-31,57500
Cabai Rawit Merah,2023-06-01,57500
Cabai Rawit Merah,2023-06-02,57500
Cabai Rawit Merah,2023-06-05,50000
Cabai Rawit Merah,2023-06-06,50000
Cabai Rawit Merah,2023-06-07,50000
Cabai Rawit Merah,2023-06-08,50000
Cabai Rawit Merah,2023-06-09,50000
Cabai Rawit Merah,2023-06-12,52500
Cabai Rawit Merah,2023-06-13,55000
Cabai Rawit Merah,2023-06-14,55000
Cabai Rawit Merah,2023-06-15,55000
Cabai Rawit Merah,2023-06-16,55000
Cabai Rawit Merah,2023-06-19,55000
Cabai Rawit Merah,2023-06-20,55000
Cabai Rawit Merah,2023-06-21,55000
Cabai Rawit Merah,2023-06-22,55000
Cabai Rawit Merah,2023-06-23,55000
Cabai Rawit Merah,2023-06-26,55000
Cabai Rawit Merah,2023-06-27,55000
Cabai Rawit Merah,2023-06-28,55000
Cabai Rawit Merah,2023-06-29,55000
Cabai Rawit Merah,2023-06-30,55000
Cabai Rawit Merah,2023-07-03,47500
Cabai Rawit Merah,2023-07-04,47500
Cabai Rawit Merah,2023-07-05,45000
Cabai Rawit Merah,2023-07-06,45000
Cabai Rawit Merah,2023-07-07,45000
Cabai Rawit Merah,2023-07-10,45000
Cabai Rawit Merah,2023-07-11,45000
Cabai Rawit Merah,2023-07-12,45000
Cabai Rawit Merah,2023-07-13,45000
Cabai Rawit Merah,2023-07-14,45000
Cabai Rawit Merah,2023-07-17,45000
Cabai Rawit Merah,2023-07-18,45000
Cabai Rawit Merah,2023-07-19,45000
Cabai Rawit Merah,2023-07-20,45000
Cabai Rawit Merah,2023-07-21,40000
Cabai Rawit Merah,2023-07-24,40000
Cabai Rawit Merah,2023-07-25,40000
Cabai Rawit Merah,2023-07-26,40000
Cabai Rawit Merah,2023-07-27,40000
Cabai Rawit Merah,2023-07-28,42500
Cabai Rawit Merah,2023-07-31,42500
Cabai Rawit Merah,2023-08-01,42500
Cabai Rawit Merah,2023-08-02,42500
Cabai Rawit Merah,2023-08-03,42500
Cabai Rawit Merah,2023-08-04,42500
Cabai Rawit Merah,2023-08-07,45000
Cabai Rawit Merah,2023-08-08,45000
Cabai Rawit Merah,2023-08-09,45000
Cabai Rawit Merah,2023-08-10,52500
Cabai Rawit Merah,2023-08-11,55000
Cabai Rawit Merah,2023-08-14,55000
Cabai Rawit Merah,2023-08-15,55000
Cabai Rawit Merah,2023-08-16,55000
Cabai Rawit Merah,2023-08-17,55000
Cabai Rawit Merah,2023-08-18,55000
Cabai Rawit Merah,2023-08-21,57500
Cabai Rawit Merah,2023-08-22,57500
Cabai Rawit Merah,2023-08-23,57500
Cabai Rawit Merah,2023-08-24,57500
Cabai Rawit Merah,2023-08-25,57500
Cabai Rawit Merah,2023-08-28,55000
Cabai Rawit Merah,2023-08-29,55000
Cabai Rawit Merah,2023-08-30,55000
Cabai Rawit Merah,2023-08-31,55000
Cabai Rawit Merah,2023-09-01,55000
Cabai Rawit Merah,2023-09-04,55000
Cabai Rawit Merah,2023-09-05,55000
Cabai Rawit Merah,2023-09-06,47500
Cabai Rawit Merah,2023-09-07,47500
Cabai Rawit Merah,2023-09-08,47500
Cabai Rawit Merah,2023-09-11,52500
Cabai Rawit Merah,2023-09-12,52500
Cabai Rawit Merah,2023-09-13,52500
Cabai Rawit Merah,2023-09-14,52500
Cabai Rawit Merah,2023-09-15,55000
Cabai Rawit Merah,2023-09-18,55000
Cabai Rawit Merah,2023-09-19,55000
Cabai Rawit Merah,2023-09-20,55000
Cabai Rawit Merah,2023-09-21,55000
Cabai Rawit Merah,2023-09-22,55000
Cabai Rawit Merah,2023-09-25,52500
Cabai Rawit Merah,2023-09-26,57500
Cabai Rawit Merah,2023-09-27,55000
Cabai Rawit Merah,2023-09-28,55000
Cabai Rawit Merah,2023-09-29,55000
Cabai Rawit Merah,2023-10-02,57500
Cabai Rawit Merah,2023-10-03,57500
Cabai Rawit Merah,2023-10-04,57500
Cabai Rawit Merah,2023-10-05,57500
Cabai Rawit Merah,2023-10-06,57500
Cabai Rawit Merah,2023-10-09,57500
Cabai Rawit Merah,2023-10-10,57500
Cabai Rawit Merah,2023-10-11,57500
Cabai Rawit Merah,2023-10-12,57500
Cabai Rawit Merah,2023-10-13,57500
Cabai Rawit Merah,2023-10-16,57500
Cabai Rawit Merah,2023-10-17,57500
Cabai Rawit Merah,2023-10-18,57500
Cabai Rawit Merah,2023-10-19,57500
Cabai Rawit Merah,2023-10-20,57500
Cabai Rawit Merah,2023-10-23,65000
Cabai Rawit Merah,2023-10-24,65000
Cabai Rawit Merah,2023-10-25,65000
Cabai Rawit Merah,2023-10-26,75000
Cabai Rawit Merah,2023-10-27,77500
Cabai Rawit Merah,2023-10-30,80000
Cabai Rawit Merah,2023-10-31,87500
Cabai Rawit Merah,2023-11-01,95000
Cabai Rawit Merah,2023-11-02,95000
Cabai Rawit Merah,2023-11-03,95000
Cabai Rawit Merah,2023-11-06,95000
Cabai Rawit Merah,2023-11-07,95000
Cabai Rawit Merah,2023-11-08,95000
Cabai Rawit Merah,2023-11-09,95000
Cabai Rawit Merah,2023-11-10,95000
Cabai Rawit Merah,2023-11-13,95000
Cabai Rawit Merah,2023-11-14,95000
Cabai Rawit Merah,2023-11-15,95000
Cabai Rawit Merah,2023-11-16,95000
Cabai Rawit Merah,2023-11-17,95000
Cabai Rawit Merah,2023-11-20,95000
Cabai Rawit Merah,2023-11-21,105000
Cabai Rawit Merah,2023-11-22,105000
Cabai Rawit Merah,2023-11-23,105000
Cabai Rawit Merah,2023-11-24,105000
Cabai Rawit Merah,2023-11-27,105000
Cabai Rawit Merah,2023-11-28,105000
Cabai Rawit Merah,2023-11-29,105000
Cabai Rawit Merah,2023-11-30,107500
Cabai Rawit Merah,2023-12-01,107500
Cabai Rawit Merah,2023-12-04,115000
Cabai Rawit Merah,2023-12-05,115000
Cabai Rawit Merah,2023-12-06,115000
Cabai Rawit Merah,2023-12-07,115000
Cabai Rawit Merah,2023-12-08,115000
Cabai Rawit Merah,2023-12-11,115000
Cabai Rawit Merah,2023-12-12,115000
Cabai Rawit Merah,2023-12-13,115000
Cabai Rawit Merah,2023-12-14,115000
Cabai Rawit Merah,2023-12-15,115000
Cabai Rawit Merah,2023-12-18,110000
Cabai Rawit Merah,2023-12-19,107500
Cabai Rawit Merah,2023-12-20,100000
Cabai Rawit Merah,2023-12-21,95000
Cabai Rawit Merah,2023-12-22,95000
Cabai Rawit Merah,2023-12-27,95000
Cabai Rawit Merah,2023-12-28,92500
Cabai Rawit Merah,2023-12-29,92500
Cabai Rawit Merah,2024-01-01,92500
Cabai Rawit Merah,2024-01-02,97500
Cabai Rawit Merah,2024-01-03,97500
Cabai Rawit Merah,2024-01-04,97500
Cabai Rawit Merah,2024-01-05,97500
Cabai Rawit Merah,2024-01-08,97500
Cabai Rawit Merah,2024-01-09,97500
Cabai Rawit Merah,2024-01-10,92500
Cabai Rawit Merah,2024-01-11,90000
Cabai Rawit Merah,2024-01-12,90000
Cabai Rawit Merah,2024-01-15,87500
Cabai Rawit Merah,2024-01-16,85000
Cabai Rawit Merah,2024-01-17,80000
Cabai Rawit Merah,2024-01-18,80000
Cabai Rawit Merah,2024-01-19,80000
Cabai Rawit Merah,2024-01-22,77500
Cabai Rawit Merah,2024-01-23,75000
Cabai Rawit Merah,2024-01-24,75000
Cabai Rawit Merah,2024-01-25,66250
Cabai Rawit Merah,2024-01-26,55000
Cabai Rawit Merah,2024-01-29,52500
Cabai Rawit Merah,2024-01-30,52500
Cabai Rawit Merah,2024-01-31,52500
Cabai Rawit Merah,2024-02-01,52500
Cabai Rawit Merah,2024-02-02,52500
Cabai Rawit Merah,2024-02-05,55000
Cabai Rawit Merah,2024-02-06,55000
Cabai Rawit Merah,2024-02-07,55000
Cabai Rawit Merah,2024-02-08,55000
Cabai Rawit Merah,2024-02-09,55000
Cabai Rawit Merah,2024-02-12,55000
Cabai Rawit Merah,2024-02-13,57500
Cabai Rawit Merah,2024-02-14,57500
Cabai Rawit Merah,2024-02-15,70000
Cabai Rawit Merah,2024-02-16,77500
Cabai Rawit Merah,2024-02-19,80000
Cabai Rawit Merah,2024-02-20,85000
Cabai Rawit Merah,2024-02-21,85000
Cabai Rawit Merah,2024-02-22,87500
Cabai Rawit Merah,2024-02-23,87500
Cabai Rawit Merah,2024-02-26,87500
Cabai Rawit Merah,2024-02-27,87500
Cabai Rawit Merah,2024-02-28,87500
Cabai Rawit Merah,2024-02-29,87500
Cabai Rawit Merah,2024-03-01,87500
Cabai Rawit Merah,2024-03-04,87500
Cabai Rawit Merah,2024-03-05,87500
Cabai Rawit Merah,2024-03-06,87500
Cabai Rawit Merah,2024-03-07,82500
Cabai Rawit Merah,2024-03-08,82500
Cabai Rawit Merah,2024-03-11,82500
Cabai Rawit Merah,2024-03-12,82500
Cabai Rawit Merah,2024-03-13,80000
Cabai Rawit Merah,2024-03-14,77500
Cabai Rawit Merah,2024-03-15,77500
Cabai Rawit Merah,2024-03-18,75000
Cabai Rawit Merah,2024-03-19,75000
Cabai Rawit Merah,2024-03-20,70000
Cabai Rawit Merah,2024-03-21,65000
Cabai Rawit Merah,2024-03-22,65000
Cabai Rawit Merah,2024-03-25,60000
Cabai Rawit Merah,2024-03-26,60000
Cabai Rawit Merah,2024-03-27,57500
Cabai Rawit Merah,2024-03-28,57500
Cabai Rawit Merah,2024-03-29,57500
Cabai Rawit Merah,2024-04-01,62500
Cabai Rawit Merah,2024-04-02,62500
Cabai Rawit Merah,2024-04-03,65000
Cabai Rawit Merah,2024-04-04,65000
Cabai Rawit Merah,2024-04-05,67500
Cabai Rawit Merah,2024-04-08,67500
Cabai Rawit Merah,2024-04-09,67500
Cabai Rawit Merah,2024-04-10,67500
Cabai Rawit Merah,2024-04-11,67500
Cabai Rawit Merah,2024-04-15,67500
Cabai Rawit Merah,2024-04-16,60000
Cabai Rawit Merah,2024-04-17,60000
Cabai Rawit Merah,2024-04-18,60000
Cabai Rawit Merah,2024-04-19,60000
Cabai Rawit Merah,2024-04-22,52500
Cabai Rawit Merah,2024-04-23,47500
Cabai Rawit Merah,2024-04-24,47500
Cabai Rawit Merah,2024-04-25,47500
Cabai Rawit Merah,2024-04-26,47500
Cabai Rawit Merah,2024-04-29,47500
Cabai Rawit Merah,2024-04-30,47500
Cabai Rawit Merah,2024-05-01,47500
Cabai Rawit Merah,2024-05-02,50000
Cabai Rawit Merah,2024-05-03,50000
Cabai Rawit Merah,2024-05-06,50000
Cabai Rawit Merah,2024-05-07,51250
Cabai Rawit Merah,2024-05-08,55000
Cabai Rawit Merah,2024-05-09,55000
Cabai Rawit Merah,2024-05-10,55000
Cabai Rawit Merah,2024-05-13,50000
Cabai Rawit Merah,2024-05-14,50000
Cabai Rawit Merah,2024-05-15,50000
Cabai Rawit Merah,2024-05-16,50000
Cabai Rawit Merah,2024-05-17,50000
Cabai Rawit Merah,2024-05-20,50000
Cabai Rawit Merah,2024-05-21,50000
Cabai Rawit Merah,2024-05-22,50000
Cabai Rawit Merah,2024-05-23,50000
Cabai Rawit Merah,2024-05-24,50000
Cabai Rawit Merah,2024-05-27,50000
Cabai Rawit Merah,2024-05-28,50000
Cabai Rawit Merah,2024-05-29,50000
Cabai Rawit Merah,2024-05-30,50000
Cabai Rawit Merah,2024-05-31,50000
Cabai Rawit Merah,2024-06-03,50000
Cabai Rawit Merah,2024-06-04,50000
Cabai Rawit Merah,2024-06-05,51250
Cabai Rawit Merah,2024-06-06,50000
Cabai Rawit Merah,2024-06-07,50000
Cabai Rawit Merah,2024-06-10,50000
Cabai Rawit Merah,2024-06-11,50000
Cabai Rawit Merah,2024-06-12,52500
Cabai Rawit Merah,2024-06-13,52500
Cabai Rawit Merah,2024-06-14,52500
Cabai Rawit Merah,2024-06-17,52500
Cabai Rawit Merah,2024-06-18,52500
Cabai Rawit Merah,2024-06-19,60000
Cabai Rawit Merah,2024-06-20,55000
Cabai Rawit Merah,2024-06-21,57500
Cabai Rawit Merah,2024-06-24,57500
Cabai Rawit Merah,2024-06-25,55000
Cabai Rawit Merah,2024-06-26,55000
Cabai Rawit Merah,2024-06-27,55000
Cabai Rawit Merah,2024-06-28,52500
Cabai Rawit Merah,2024-07-01,50000
Cabai Rawit Merah,2024-07-02,52500
Cabai Rawit Merah,2024-07-03,52500
Cabai Rawit Merah,2024-07-04,52500
Cabai Rawit Merah,2024-07-05,57500
Cabai Rawit Merah,2024-07-08,57500
Cabai Rawit Merah,2024-07-09,57500
Cabai Rawit Merah,2024-07-10,55000
Cabai Rawit Merah,2024-07-11,55000
Cabai Rawit Merah,2024-07-12,57500
Cabai Rawit Merah,2024-07-15,62500
Cabai Rawit Merah,2024-07-16,62500
Cabai Rawit Merah,2024-07-17,62500
Cabai Rawit Merah,2024-07-18,70000
Cabai Rawit Merah,2024-07-19,72500
Cabai Rawit Merah,2024-07-22,72500
Cabai Rawit Merah,2024-07-23,75000
Cabai Rawit Merah,2024-07-24,80000
Cabai Rawit Merah,2024-07-25,85000
Cabai Rawit Merah,2024-07-26,85000
Cabai Rawit Merah,2024-07-29,85000
Cabai Rawit Merah,2024-07-30,85000
Cabai Rawit Merah,2024-07-31,85000
Cabai Rawit Merah,2024-08-01,82500
Cabai Rawit Merah,2024-08-02,82500
Cabai Rawit Merah,2024-08-05,82500
Cabai Rawit Merah,2024-08-06,82500
Cabai Rawit Merah,2024-08-07,82500
Cabai Rawit Merah,2024-08-08,82500
Cabai Rawit Merah,2024-08-09,82500
Cabai Rawit Merah,2024-08-12,81250
Cabai Rawit Merah,2024-08-13,81250
Cabai Rawit Merah,2024-08-14,72500
Cabai Rawit Merah,2024-08-15,70000
Cabai Rawit Merah,2024-08-16,70000
Cabai Rawit Merah,2024-08-19,70000
Cabai Rawit Merah,2024-08-20,70000
Cabai Rawit Merah,2024-08-21,70000
Cabai Rawit Merah,2024-08-22,70000
Cabai Rawit Merah,2024-08-23,67500
Cabai Rawit Merah,2024-08-26,60000
Cabai Rawit Merah,2024-08-27,60000
Cabai Rawit Merah,2024-08-28,60000
Cabai Rawit Merah,2024-08-29,57500
Cabai Rawit Merah,2024-08-30,57500
Cabai Rawit Merah,2024-09-02,55000
Cabai Rawit Merah,2024-09-03,52500
Cabai Rawit Merah,2024-09-04,52500
Cabai Rawit Merah,2024-09-05,52500
Cabai Rawit Merah,2024-09-06,50000
Cabai Rawit Merah,2024-09-09,50000
Cabai Rawit Merah,2024-09-10,50000
Cabai Rawit Merah,2024-09-11,50000
Cabai Rawit Merah,2024-09-12,50000
Cabai Rawit Merah,2024-09-13,50000
Cabai Rawit Merah,2024-09-16,50000
Cabai Rawit Merah,2024-09-17,50000
Cabai Rawit Merah,2024-09-18,50000
Cabai Rawit Merah,2024-09-19,50000
Cabai Rawit Merah,2024-09-20,50000
Cabai Rawit Merah,2024-09-23,47500
Cabai Rawit Merah,2024-09-24,47500
Cabai Rawit Merah,2024-09-25,47500
Cabai Rawit Merah,2024-09-26,47500
Cabai Rawit Merah,2024-09-27,47500
Cabai Rawit Merah,2024-09-30,47500
Cabai Rawit Merah,2024-10-01,52500
Cabai Rawit Merah,2024-10-02,52500
Cabai Rawit Merah,2024-10-03,52500
Cabai Rawit Merah,2024-10-04,52500
Cabai Rawit Merah,2024-10-07,55000
Cabai Rawit Merah,2024-10-08,55000
Cabai Rawit Merah,2024-10-09,55000
Cabai Rawit Merah,2024-10-10,55000
Cabai Rawit Merah,2024-10-11,55000
Cabai Rawit Merah,2024-10-14,57500
Cabai Rawit Merah,2024-10-15,57500
Cabai Rawit Merah,2024-10-16,57500
Cabai Rawit Merah,2024-10-17,57500
Cabai Rawit Merah,2024-10-18,57500
Cabai Rawit Merah,2024-10-21,57500
Cabai Rawit Merah,2024-10-22,57500
Cabai Rawit Merah,2024-10-23,57500
Cabai Rawit Merah,2024-10-24,57500
Cabai Rawit Merah,2024-10-25,57500
Cabai Rawit Merah,2024-10-28,57500
Cabai Rawit Merah,2024-10-29,57500
Cabai Rawit Merah,2024-10-30,57500
Cabai Rawit Merah,2024-10-31,60000
Cabai Rawit Merah,2024-11-01,57500
Cabai Rawit Merah,2024-11-04,57500
Cabai Rawit Merah,2024-11-05,57500
Cabai Rawit Merah,2024-11-06,57500
Cabai Rawit Merah,2024-11-07,57500
Cabai Rawit Merah,2024-11-08,57500
Cabai Rawit Merah,2024-11-11,60000
Cabai Rawit Merah,2024-11-12,60000
Cabai Rawit Merah,2024-11-13,60000
Cabai Rawit Merah,2024-11-14,60000
Cabai Rawit Merah,2024-11-15,60000
Cabai Rawit Merah,2024-11-18,60000
Cabai Rawit Merah,2024-11-19,60000
Cabai Rawit Merah,2024-11-20,60000
Cabai Rawit Merah,2024-11-21,60000
Cabai Rawit Merah,2024-11-22,60000
Cabai Rawit Merah,2024-11-25,55000
Cabai Rawit Merah,2024-11-26,55000
Cabai Rawit Merah,2024-11-28,52500
Cabai Rawit Merah,2024-11-29,52500
Cabai Rawit Merah,2024-12-02,55000
Cabai Rawit Merah,2024-12-03,55000
Cabai Rawit Merah,2024-12-04,55000
Cabai Rawit Merah,2024-12-05,57500
Cabai Rawit Merah,2024-12-06,55000
Cabai Rawit Merah,2024-12-09,55000
Cabai Rawit Merah,2024-12-10,55000
Cabai Rawit Merah,2024-12-11,55000
Cabai Rawit Merah,2024-12-12,60000
Cabai Rawit Merah,2024-12-13,62500
Cabai Rawit Merah,2024-12-16,62500
Cabai Rawit Merah,2024-12-17,65000
Cabai Rawit Merah,2024-12-18,65000
Cabai Rawit Merah,2024-12-19,65000
Cabai Rawit Merah,2024-12-20,65000
Cabai Rawit Merah,2024-12-23,68750
Cabai Rawit Merah,2024-12-24,72500
Cabai Rawit Merah,2024-12-25,72500
Cabai Rawit Merah,2024-12-26,72500
Cabai Rawit Merah,2024-12-27,77500
Cabai Rawit Merah,2024-12-30,80000
Cabai Rawit Merah,2024-12-31,80000
Cabai Rawit Merah,2025-01-01,80000
Cabai Rawit Merah,2025-01-02,87500
Cabai Rawit Merah,2025-01-03,87500
Cabai Rawit Merah,2025-01-06,110000
Cabai Rawit Merah,2025-01-07,112500
Cabai Rawit Merah,2025-01-08,112500
Cabai Rawit Merah,2025-01-09,115000
Cabai Rawit Merah,2025-01-10,115000
Cabai Rawit Merah,2025-01-13,112500
Cabai Rawit Merah,2025-01-14,112500
Cabai Rawit Merah,2025-01-15,112500
Cabai Rawit Merah,2025-01-16,112500
Cabai Rawit Merah,2025-01-17,112500
Cabai Rawit Merah,2025-01-20,87500
Cabai Rawit Merah,2025-01-21,85000
Cabai Rawit Merah,2025-01-22,82500
Cabai Rawit Merah,2025-01-23,82500
Cabai Rawit Merah,2025-01-24,85000
Cabai Rawit Merah,2025-01-27,85000
Cabai Rawit Merah,2025-01-28,85000
Cabai Rawit Merah,2025-01-29,85000
Cabai Rawit Merah,2025-01-30,87500
Cabai Rawit Merah,2025-01-31,87500
Cabai Rawit Merah,2025-02-03,87500
Cabai Rawit Merah,2025-02-04,87500
Cabai Rawit Merah,2025-02-05,82500
Cabai Rawit Merah,2025-02-06,80000
Cabai Rawit Merah,2025-02-07,77500
Cabai Rawit Merah,2025-02-10,77500
Cabai Rawit Merah,2025-02-11,75000
Cabai Rawit Merah,2025-02-12,72500
Cabai Rawit Merah,2025-02-13,67500
Cabai Rawit Merah,2025-02-14,67500
Cabai Rawit Merah,2025-02-17,65000
Cabai Rawit Merah,2025-02-18,65000
Cabai Rawit Merah,2025-02-19,65000
Cabai Rawit Merah,2025-02-20,65000
Cabai Rawit Merah,2025-02-21,65000
Cabai Rawit Merah,2025-02-24,75000
Cabai Rawit Merah,2025-02-25,80000
Cabai Rawit Merah,2025-02-26,87500
Cabai Rawit Merah,2025-02-27,90000
Cabai Rawit Merah,2025-02-28,95000
Cabai Rawit Merah,2025-03-03,115000
Cabai Rawit Merah,2025-03-04,115000
Cabai Rawit Merah,2025-03-05,120000
Cabai Rawit Merah,2025-03-06,112500
Cabai Rawit Merah,2025-03-07,112500
Cabai Rawit Merah,2025-03-10,87500
Cabai Rawit Merah,2025-03-11,95000
Cabai Rawit Merah,2025-03-12,95000
Cabai Rawit Merah,2025-03-13,95000
Cabai Rawit Merah,2025-03-14,95000
Cabai Rawit Merah,2025-03-17,95000
Cabai Rawit Merah,2025-03-18,95000
Cabai Rawit Merah,2025-03-19,97500
Cabai Rawit Merah,2025-03-20,97500
Cabai Rawit Merah,2025-03-21,97500
Cabai Rawit Merah,2025-03-24,102500
Cabai Rawit Merah,2025-03-25,102500
Cabai Rawit Merah,2025-03-26,107500
Cabai Rawit Merah,2025-03-27,112500
Cabai Rawit Merah,2025-03-28,112500
Cabai Rawit Merah,2025-03-31,112500
Cabai Rawit Merah,2025-04-01,112500
Cabai Rawit Merah,2025-04-02,112500
Cabai Rawit Merah,2025-04-03,112500
Cabai Rawit Merah,2025-04-04,112500
Cabai Rawit Merah,2025-04-07,112500
Cabai Rawit Merah,2025-04-08,112500
Cabai Rawit Merah,2025-04-09,112500
Cabai Rawit Merah,2025-04-10,110000
Cabai Rawit Merah,2025-04-11,105000
Cabai Rawit Merah,2025-04-14,100000
Cabai Rawit Merah,2025-04-15,97500
Cabai Rawit Merah,2025-04-16,95000
Cabai Rawit Merah,2025-04-17,92500
Cabai Rawit Merah,2025-04-18,92500
Cabai Rawit Merah,2025-04-21,92500
Cabai Rawit Merah,2025-04-22,92500
Cabai Rawit Merah,2025-04-23,82500
Cabai Rawit Merah,2025-04-24,75000
Cabai Rawit Merah,2025-04-25,67500
Cabai Rawit Merah,2025-04-28,62500
Cabai Rawit Merah,2025-04-29,62500
Cabai Rawit Merah,2025-04-30,57500
Cabai Rawit Merah,2025-05-01,57500
Cabai Rawit Merah,2025-05-02,57500
Cabai Rawit Merah,2025-05-05,55000
Cabai Rawit Merah,2025-05-06,55000
Cabai Rawit Merah,2025-05-07,52500
Cabai Rawit Merah,2025-05-08,52500
Cabai Rawit Merah,2025-05-09,47500
Cabai Rawit Merah,2025-05-12,47500
Cabai Rawit Merah,2025-05-13,47500
Cabai Rawit Merah,2025-05-14,45000
Cabai Rawit Merah,2025-05-15,45000
Cabai Rawit Merah,2025-05-16,45000
Cabai Rawit Merah,2025-05-19,45000
Cabai Rawit Merah,2025-05-20,45000
Cabai Rawit Merah,2025-05-21,45000
Cabai Rawit Merah,2025-05-22,45000
Cabai Rawit Merah,2025-05-23,45000
Cabai Rawit Merah,2025-05-26,45000
Cabai Rawit Merah,2025-05-27,47500
Cabai Rawit Merah,2025-05-28,47500
Cabai Rawit Merah,2025-05-29,47500
Cabai Rawit Merah,2025-05-30,47500
Cabai Rawit Merah,2025-06-02,50000
Cabai Rawit Merah,2025-06-03,50000
Cabai Rawit Merah,2025-06-04,52500
Cabai Rawit Merah,2025-06-05,52500
Cabai Rawit Merah,2025-06-06,52500
Cabai Rawit Merah,2025-06-09,52500
Cabai Rawit Merah,2025-06-10,50000
Cabai Rawit Merah,2025-06-11,50000
Cabai Rawit Merah,2025-06-12,52500
Cabai Rawit Merah,2025-06-13,55000
Cabai Rawit Merah,2025-06-16,60000
Cabai Rawit Merah,2025-06-17,60000
Cabai Rawit Merah,2025-06-18,60000
Cabai Rawit Merah,2025-06-19,65000
Cabai Rawit Merah,2025-06-20,67500
Cabai Rawit Merah,2025-06-23,72500
Cabai Rawit Merah,2025-06-24,72500
Cabai Rawit Merah,2025-06-25,72500
Cabai Rawit Merah,2025-06-26,70000
Cabai Rawit Merah,2025-06-27,70000
Cabai Rawit Merah,2025-06-30,70000
Cabai Rawit Merah,2025-07-01,72500
Cabai Rawit Merah,2025-07-02,72500
Cabai Rawit Merah,2025-07-03,72500
Cabai Rawit Merah,2025-07-04,72500
Cabai Rawit Merah,2025-07-07,75000
Cabai Rawit Merah,2025-07-08,75000
Cabai Rawit Merah,2025-07-09,72500
Cabai Rawit Merah,2025-07-10,70000
Cabai Rawit Merah,2025-07-11,70000
Cabai Rawit Merah,2025-07-14,70000
Cabai Rawit Merah,2025-07-15,70000
Cabai Rawit Merah,2025-07-16,70000
Cabai Rawit Merah,2025-07-17,67500
Cabai Rawit Merah,2025-07-18,60100
Cabai Rawit Merah,2025-07-21,60100
Cabai Rawit Merah,2025-07-22,58850
Cabai Rawit Merah,2025-07-23,56350
Cabai Rawit Merah,2025-07-24,53850
Cabai Rawit Merah,2025-07-25,57600
Cabai Rawit Merah,2025-07-28,55200
Cabai Rawit Merah,2025-07-29,55200
Cabai Rawit Merah,2025-07-30,55200
Cabai Rawit Merah,2025-07-31,55200
Cabai Rawit Merah,2025-08-01,50300
Cabai Rawit Merah,2025-08-04,51600
Cabai Rawit Merah,2025-08-05,51600
Cabai Rawit Merah,2025-08-06,51600
Cabai Rawit Merah,2025-08-07,51600
Cabai Rawit Merah,2025-08-08,51600
Cabai Rawit Merah,2025-08-11,50350
Cabai Rawit Merah,2025-08-12,50350
Cabai Rawit Merah,2025-08-13,50350
Cabai Rawit Merah,2025-08-14,50350
Cabai Rawit Merah,2025-08-15,50350
Cabai Rawit Merah,2025-08-18,50350
Cabai Rawit Merah,2025-08-19,52700
Cabai Rawit Merah,2025-08-20,52700
Cabai Rawit Merah,2025-08-21,52700
Cabai Rawit Merah,2025-08-22,50350
Cabai Rawit Merah,2025-08-25,50350
Cabai Rawit Merah,2025-08-26,50350
Cabai Rawit Merah,2025-08-27,50350
Cabai Rawit Merah,2025-08-28,50350
Cabai Rawit Merah,2025-08-29,50350
Cabai Rawit Merah,2025-09-01,50350
Cabai Rawit Merah,2025-09-02,50350
Cabai Rawit Merah,2025-09-03,49050
Cabai Rawit Merah,2025-09-04,50200
Cabai Rawit Merah,2025-09-05,50200
Cabai Rawit Merah,2025-09-08,50200
Cabai Rawit Merah,2025-09-09,50200
Cabai Rawit Merah,2025-09-10,50200
Cabai Rawit Merah,2025-09-11,55200
Cabai Rawit Merah,2025-09-12,55200
Cabai Rawit Merah,2025-09-15,52700
Cabai Rawit Merah,2025-09-16,52700
Cabai Rawit Merah,2025-09-17,56450
Cabai Rawit Merah,2025-09-18,56450
Cabai Rawit Merah,2025-09-19,56450
Cabai Rawit Merah,2025-09-22,57600
Cabai Rawit Merah,2025-09-23,57600
Cabai Rawit Merah,2025-09-24,57600
Cabai Rawit Merah,2025-09-25,57600
Cabai Rawit Merah,2025-09-26,57600
Cabai Rawit Merah,2025-09-29,50300
Cabai Rawit Merah,2025-09-30,50300
Cabai Rawit Merah,2025-10-01,50300
Cabai Rawit Merah,2025-10-02,50300
Cabai Rawit Merah,2025-10-03,49050
Cabai Rawit Merah,2025-10-06,50300
Cabai Rawit Merah,2025-10-07,50300
Cabai Rawit Merah,2025-10-08,50300
Cabai Rawit Merah,2025-10-09,54050
Cabai Rawit Merah,2025-10-10,54050
Cabai Rawit Merah,2025-10-13,54050
Cabai Rawit Merah,2025-10-14,54050
Cabai Rawit Merah,2025-10-15,51550
Cabai Rawit Merah,2025-10-16,50300
Cabai Rawit Merah,2025-10-17,50300
Cabai Rawit Merah,2025-10-20,47850
Cabai Rawit Merah,2025-10-21,47850
Cabai Rawit Merah,2025-10-22,46700
Cabai Rawit Merah,2025-10-23,46700
Cabai Rawit Merah,2025-10-24,46700
Cabai Rawit Merah,2025-10-27,46700
Cabai Rawit Merah,2025-10-28,46700
Cabai Rawit Merah,2025-10-29,46700
Cabai Rawit Merah,2025-10-30,46700
Cabai Rawit Merah,2025-10-31,45550
Cabai Rawit Merah,2025-11-03,45550
Cabai Rawit Merah,2025-11-04,45550
Cabai Rawit Merah,2025-11-05,45550
Cabai Rawit Merah,2025-11-06,47950
Cabai Rawit Merah,2025-11-07,47950
Cabai Rawit Merah,2025-11-10,49100
Cabai Rawit Merah,2025-11-11,49100
Cabai Rawit Merah,2025-11-12,49100
Cabai Rawit Merah,2025-11-13,49100
Cabai Rawit Merah,2025-11-14,49100
Cabai Rawit Merah,2025-11-17,51600
Cabai Rawit Merah,2025-11-18,52850
Cabai Rawit Merah,2025-11-19,56550
Cabai Rawit Merah,2025-11-20,56550
Cabai Rawit Merah,2025-11-21,56550
Cabai Rawit Merah,2025-11-24,56550
Cabai Rawit Merah,2025-11-25,56550
Cabai Rawit Merah,2025-11-26,57700
Cabai Rawit Merah,2025-11-27,57700
Cabai Rawit Merah,2025-11-28,60100
Cabai Rawit Merah,2025-12-01,68750
Cabai Rawit Merah,2025-12-02,73650
Cabai Rawit Merah,2025-12-03,73650
Cabai Rawit Merah,2025-12-04,73650
Cabai Rawit Merah,2025-12-05,78600
Cabai Rawit Merah,2025-12-08,88500
Cabai Rawit Merah,2025-12-09,90900
Cabai Rawit Merah,2025-12-10,90900
Cabai Rawit Merah,2025-12-11,90900
Cabai Rawit Merah,2025-12-12,90900
Cabai Rawit Merah,2025-12-15,88500
Cabai Rawit Merah,2025-12-16,88500
Cabai Rawit Merah,2025-12-17,87350
Cabai Rawit Merah,2025-12-18,87350
Cabai Rawit Merah,2025-12-19,79850
Cabai Rawit Merah,2025-12-22,79850
Cabai Rawit Merah,2025-12-23,82350
Cabai Rawit Merah,2025-12-24,83500
Cabai Rawit Merah,2025-12-25,83500
Cabai Rawit Merah,2025-12-26,83500
Cabai Rawit Merah,2025-12-29,76250
Cabai Rawit Merah,2025-12-30,76250
Cabai Rawit Merah,2025-12-31,73750
Cabai Rawit Merah,2026-01-01,73750
Cabai Rawit Merah,2026-01-02,73750
Cabai Rawit Merah,2026-01-05,70100
Cabai Rawit Merah,2026-01-06,67600
Cabai Rawit Merah,2026-01-07,61450
Cabai Rawit Merah,2026-01-08,61450
Cabai Rawit Merah,2026-01-09,61450
Cabai Rawit Merah,2026-01-12,61450
Cabai Rawit Merah,2026-01-13,59050
Cabai Rawit Merah,2026-01-14,59050
Cabai Rawit Merah,2026-01-15,54100
Cabai Rawit Merah,2026-01-16,54100
Cabai Rawit Merah,2026-01-19,54100
Cabai Rawit Merah,2026-01-20,49200
Cabai Rawit Merah,2026-01-21,46700
Cabai Rawit Merah,2026-01-22,46700
Cabai Rawit Merah,2026-01-23,50350
Cabai Rawit Merah,2026-01-26,54100
Cabai Rawit Merah,2026-01-27,54100
Cabai Rawit Merah,2026-01-28,54100
Cabai Rawit Merah,2026-01-29,56550
Cabai Rawit Merah,2026-01-30,56550
Cabai Rawit Merah,2026-02-02,62700
Cabai Rawit Merah,2026-02-03,65200
Cabai Rawit Merah,2026-02-04,67600
Cabai Rawit Merah,2026-02-05,70100
Cabai Rawit Merah,2026-02-06,80000
Cabai Rawit Merah,2026-02-09,82400
Cabai Rawit Merah,2026-02-10,84850
Cabai Rawit Merah,2026-02-11,89650
Cabai Rawit Merah,2026-02-12,94500
Cabai Rawit Merah,2026-02-13,94500
Cabai Rawit Merah,2026-02-16,94500
Cabai Rawit Merah,2026-02-17,94500
Cabai Rawit Merah,2026-02-18,97000
Cabai Rawit Merah,2026-02-19,99400
Cabai Rawit Merah,2026-02-20,99400
Cabai Rawit Merah,2026-02-23,107000
Cabai Rawit Merah,2026-02-24,107000
Cabai Rawit Merah,2026-02-25,94550
Cabai Rawit Merah,2026-02-26,89650
Cabai Rawit Merah,2026-02-27,82250
Cabai Rawit Merah,2026-03-02,89750
Cabai Rawit Merah,2026-03-03,89750
Cabai Rawit Merah,2026-03-04,94650
Cabai Rawit Merah,2026-03-05,94650
Cabai Rawit Merah,2026-03-06,99550
Cabai Rawit Merah,2026-03-09,97050
Cabai Rawit Merah,2026-03-10,97050
Cabai Rawit Merah,2026-03-11,97050
Cabai Rawit Merah,2026-03-12,97050
Cabai Rawit Merah,2026-03-13,97050
Cabai Rawit Merah,2026-03-16,100750
Cabai Rawit Merah,2026-03-17,98250
Cabai Rawit Merah,2026-03-18,98250
Cabai Rawit Merah,2026-03-19,98250
Cabai Rawit Merah,2026-03-20,98250
Cabai Rawit Merah,2026-03-23,98250
Cabai Rawit Merah,2026-03-24,98250
Cabai Rawit Merah,2026-03-25,98250
Cabai Rawit Merah,2026-03-26,88400
Cabai Rawit Merah,2026-03-27,76100
Cabai Rawit Merah,2026-03-30,76100
Cabai Rawit Merah,2026-03-31,76100
Cabai Rawit Merah,2026-04-01,73650
Cabai Rawit Merah,2026-04-02,78650
Cabai Rawit Merah,2026-04-03,78650
Cabai Rawit Merah,2026-04-06,78650
Cabai Rawit Merah,2026-04-07,78650
Cabai Rawit Merah,2026-04-08,78650
Cabai Rawit Merah,2026-04-09,78650
Cabai Rawit Merah,2026-04-10,78650
Cabai Rawit Merah,2026-04-13,77500
Cabai Rawit Merah,2026-04-14,77500
Cabai Rawit Merah,2026-04-15,75000
Cabai Rawit Merah,2026-04-16,73850
Cabai Rawit Merah,2026-04-17,71350
Cabai Rawit Merah,2026-04-20,71350
Cabai Rawit Merah,2026-04-21,71350
Cabai Rawit Merah,2026-04-22,71350
Cabai Rawit Merah,2026-04-23,70100
Cabai Rawit Merah,2026-04-24,70100
Cabai Rawit Merah,2026-04-27,67700
Cabai Rawit Merah,2026-04-28,62700
Cabai Rawit Merah,2026-04-29,60200
Cabai Rawit Merah,2026-04-30,57800
Cabai Rawit Merah,2026-05-01,57800
